filename,n_qubits,depth,n_gates,treewidth,max_gate_arity,two_qubit_gate_density,t_gate_count,s_gate_count,clifford_gate_count,avg_2q_dist,max_2q_dist,max_cutwidth,entanglement_density,q_depth,q_gates,n_2q,n_u2,n_u3,n_cx,n_u,n_h,n_cp,n_measure,backend_cpu,precision_single,input_threshold,target_runtime,n_cz,n_x,n_cu1,n_rccx,n_u1,n_ccx,n_rzz,n_rx,n_ry,n_cry,n_swap,n_p,n_cswap,pred_runtime,true_runtime
grover-noancilla_indep_qiskit_11.qasm,11,76677,77172,9,2,0.9932358886642824,0,0,38311,5.01963188583504,10,48876,5806.818181818182,843447,848892,63875,500.0,0.0,38300.0,0.0,10.0,25575.0,11,1,0,1,4.382526199988206,0.0,1.0,12775.0,0.0,0.0,0.0,0.0,0.0,0.0,0.0,0.0,0.0,0.0,2.4212124486472604,4.382526199988206
grover-noancilla_indep_qiskit_11.qasm,11,76677,77172,9,2,0.9932358886642824,0,0,38311,5.01963188583504,10,48876,5806.818181818182,843447,848892,63875,500.0,0.0,38300.0,0.0,10.0,25575.0,11,1,1,1,2.352997800000594,0.0,1.0,12775.0,0.0,0.0,0.0,0.0,0.0,0.0,0.0,0.0,0.0,0.0,1.8573996768466787,2.352997800000594
grover-noancilla_indep_qiskit_11.qasm,11,76677,77172,9,2,0.9932358886642824,0,0,38311,5.01963188583504,10,48876,5806.818181818182,843447,848892,63875,500.0,0.0,38300.0,0.0,10.0,25575.0,11,0,0,1,451.7960688000021,0.0,1.0,12775.0,0.0,0.0,0.0,0.0,0.0,0.0,0.0,0.0,0.0,0.0,172.5639811816975,451.7960688000021
grover-noancilla_indep_qiskit_11.qasm,11,76677,77172,9,2,0.9932358886642824,0,0,38311,5.01963188583504,10,48876,5806.818181818182,843447,848892,63875,500.0,0.0,38300.0,0.0,10.0,25575.0,11,0,1,1,422.9734718000109,0.0,1.0,12775.0,0.0,0.0,0.0,0.0,0.0,0.0,0.0,0.0,0.0,0.0,153.13163873652934,422.9734718000109
grover-noancilla_indep_qiskit_7.qasm,7,1124,1202,5,2,0.9284525790349417,0,0,559,2.5057880676758684,6,643,132.85714285714286,7868,8414,930,72.0,0.0,552.0,0.0,6.0,378.0,7,1,0,1,0.22551999999996042,0.0,1.0,186.0,0.0,0.0,0.0,0.0,0.0,0.0,0.0,0.0,0.0,0.0,0.6350875030762128,0.22551999999996042
grover-noancilla_indep_qiskit_7.qasm,7,1124,1202,5,2,0.9284525790349417,0,0,559,2.5057880676758684,6,643,132.85714285714286,7868,8414,930,72.0,0.0,552.0,0.0,6.0,378.0,7,1,1,1,0.2112955000011425,0.0,1.0,186.0,0.0,0.0,0.0,0.0,0.0,0.0,0.0,0.0,0.0,0.0,0.5196336625440585,0.2112955000011425
grover-noancilla_indep_qiskit_7.qasm,7,1124,1202,5,2,0.9284525790349417,0,0,559,2.5057880676758684,6,643,132.85714285714286,7868,8414,930,72.0,0.0,552.0,0.0,6.0,378.0,7,0,0,1,6.223358700000972,0.0,1.0,186.0,0.0,0.0,0.0,0.0,0.0,0.0,0.0,0.0,0.0,0.0,9.650019725413028,6.223358700000972
grover-noancilla_indep_qiskit_7.qasm,7,1124,1202,5,2,0.9284525790349417,0,0,559,2.5057880676758684,6,643,132.85714285714286,7868,8414,930,72.0,0.0,552.0,0.0,6.0,378.0,7,0,1,1,5.816487500000221,0.0,1.0,186.0,0.0,0.0,0.0,0.0,0.0,0.0,0.0,0.0,0.0,0.0,7.336830231883105,5.816487500000221
portfolioqaoa_indep_qiskit_10.qasm,10,43,195,9,2,0.6923076923076923,0,0,0,3.193548387096774,9,75,0.0,430,1950,0,10.0,20.0,0.0,0.0,0.0,0.0,20,1,0,1,0.22445980000020427,0.0,0.0,0.0,0.0,0.0,0.0,135.0,10.0,0.0,0.0,0.0,0.0,0.0,0.19838870768943884,0.22445980000020427
portfolioqaoa_indep_qiskit_10.qasm,10,43,195,9,2,0.6923076923076923,0,0,0,3.193548387096774,9,75,0.0,430,1950,0,10.0,20.0,0.0,0.0,0.0,0.0,20,1,0,2,0.2287861999998313,0.0,0.0,0.0,0.0,0.0,0.0,135.0,10.0,0.0,0.0,0.0,0.0,0.0,0.24517302925880363,0.2287861999998313
portfolioqaoa_indep_qiskit_10.qasm,10,43,195,9,2,0.6923076923076923,0,0,0,3.193548387096774,9,75,0.0,430,1950,0,10.0,20.0,0.0,0.0,0.0,0.0,20,1,0,4,0.23968029999969076,0.0,0.0,0.0,0.0,0.0,0.0,135.0,10.0,0.0,0.0,0.0,0.0,0.0,0.28862765435547727,0.23968029999969076
portfolioqaoa_indep_qiskit_10.qasm,10,43,195,9,2,0.6923076923076923,0,0,0,3.193548387096774,9,75,0.0,430,1950,0,10.0,20.0,0.0,0.0,0.0,0.0,20,1,0,8,0.32945980000022246,0.0,0.0,0.0,0.0,0.0,0.0,135.0,10.0,0.0,0.0,0.0,0.0,0.0,0.48135623794709026,0.32945980000022246
portfolioqaoa_indep_qiskit_10.qasm,10,43,195,9,2,0.6923076923076923,0,0,0,3.193548387096774,9,75,0.0,430,1950,0,10.0,20.0,0.0,0.0,0.0,0.0,20,1,0,16,0.43493030000036015,0.0,0.0,0.0,0.0,0.0,0.0,135.0,10.0,0.0,0.0,0.0,0.0,0.0,0.8609445356969614,0.43493030000036015
portfolioqaoa_indep_qiskit_10.qasm,10,43,195,9,2,0.6923076923076923,0,0,0,3.193548387096774,9,75,0.0,430,1950,0,10.0,20.0,0.0,0.0,0.0,0.0,20,1,1,1,0.2724719000002551,0.0,0.0,0.0,0.0,0.0,0.0,135.0,10.0,0.0,0.0,0.0,0.0,0.0,0.1755148851088969,0.2724719000002551
portfolioqaoa_indep_qiskit_10.qasm,10,43,195,9,2,0.6923076923076923,0,0,0,3.193548387096774,9,75,0.0,430,1950,0,10.0,20.0,0.0,0.0,0.0,0.0,20,1,1,2,0.25773590000017066,0.0,0.0,0.0,0.0,0.0,0.0,135.0,10.0,0.0,0.0,0.0,0.0,0.0,0.21942458201909917,0.25773590000017066
portfolioqaoa_indep_qiskit_10.qasm,10,43,195,9,2,0.6923076923076923,0,0,0,3.193548387096774,9,75,0.0,430,1950,0,10.0,20.0,0.0,0.0,0.0,0.0,20,1,1,4,0.24955590000035954,0.0,0.0,0.0,0.0,0.0,0.0,135.0,10.0,0.0,0.0,0.0,0.0,0.0,0.2435672177014983,0.24955590000035954
portfolioqaoa_indep_qiskit_10.qasm,10,43,195,9,2,0.6923076923076923,0,0,0,3.193548387096774,9,75,0.0,430,1950,0,10.0,20.0,0.0,0.0,0.0,0.0,20,1,1,8,0.2817377999999735,0.0,0.0,0.0,0.0,0.0,0.0,135.0,10.0,0.0,0.0,0.0,0.0,0.0,0.40569679976652173,0.2817377999999735
portfolioqaoa_indep_qiskit_10.qasm,10,43,195,9,2,0.6923076923076923,0,0,0,3.193548387096774,9,75,0.0,430,1950,0,10.0,20.0,0.0,0.0,0.0,0.0,20,1,1,16,0.3377061999999569,0.0,0.0,0.0,0.0,0.0,0.0,135.0,10.0,0.0,0.0,0.0,0.0,0.0,0.7606294487262591,0.3377061999999569
portfolioqaoa_indep_qiskit_10.qasm,10,43,195,9,2,0.6923076923076923,0,0,0,3.193548387096774,9,75,0.0,430,1950,0,10.0,20.0,0.0,0.0,0.0,0.0,20,0,0,1,1.3495866999996906,0.0,0.0,0.0,0.0,0.0,0.0,135.0,10.0,0.0,0.0,0.0,0.0,0.0,0.9577870107885333,1.3495866999996906
portfolioqaoa_indep_qiskit_10.qasm,10,43,195,9,2,0.6923076923076923,0,0,0,3.193548387096774,9,75,0.0,430,1950,0,10.0,20.0,0.0,0.0,0.0,0.0,20,0,0,2,1.8753977999999734,0.0,0.0,0.0,0.0,0.0,0.0,135.0,10.0,0.0,0.0,0.0,0.0,0.0,1.117248787785109,1.8753977999999734
portfolioqaoa_indep_qiskit_10.qasm,10,43,195,9,2,0.6923076923076923,0,0,0,3.193548387096774,9,75,0.0,430,1950,0,10.0,20.0,0.0,0.0,0.0,0.0,20,0,0,4,3.0780540000000656,0.0,0.0,0.0,0.0,0.0,0.0,135.0,10.0,0.0,0.0,0.0,0.0,0.0,1.7801935554085195,3.0780540000000656
portfolioqaoa_indep_qiskit_10.qasm,10,43,195,9,2,0.6923076923076923,0,0,0,3.193548387096774,9,75,0.0,430,1950,0,10.0,20.0,0.0,0.0,0.0,0.0,20,0,0,8,5.393968700000187,0.0,0.0,0.0,0.0,0.0,0.0,135.0,10.0,0.0,0.0,0.0,0.0,0.0,2.5466060851649748,5.393968700000187
portfolioqaoa_indep_qiskit_10.qasm,10,43,195,9,2,0.6923076923076923,0,0,0,3.193548387096774,9,75,0.0,430,1950,0,10.0,20.0,0.0,0.0,0.0,0.0,20,0,0,16,7.829988800000137,0.0,0.0,0.0,0.0,0.0,0.0,135.0,10.0,0.0,0.0,0.0,0.0,0.0,2.7971229112067633,7.829988800000137
portfolioqaoa_indep_qiskit_10.qasm,10,43,195,9,2,0.6923076923076923,0,0,0,3.193548387096774,9,75,0.0,430,1950,0,10.0,20.0,0.0,0.0,0.0,0.0,20,0,1,1,1.220498199999838,0.0,0.0,0.0,0.0,0.0,0.0,135.0,10.0,0.0,0.0,0.0,0.0,0.0,0.7588492875501938,1.220498199999838
portfolioqaoa_indep_qiskit_10.qasm,10,43,195,9,2,0.6923076923076923,0,0,0,3.193548387096774,9,75,0.0,430,1950,0,10.0,20.0,0.0,0.0,0.0,0.0,20,0,1,2,1.6959986000001663,0.0,0.0,0.0,0.0,0.0,0.0,135.0,10.0,0.0,0.0,0.0,0.0,0.0,0.8954721034530859,1.6959986000001663
portfolioqaoa_indep_qiskit_10.qasm,10,43,195,9,2,0.6923076923076923,0,0,0,3.193548387096774,9,75,0.0,430,1950,0,10.0,20.0,0.0,0.0,0.0,0.0,20,0,1,4,2.159648400000151,0.0,0.0,0.0,0.0,0.0,0.0,135.0,10.0,0.0,0.0,0.0,0.0,0.0,1.345357492642364,2.159648400000151
portfolioqaoa_indep_qiskit_10.qasm,10,43,195,9,2,0.6923076923076923,0,0,0,3.193548387096774,9,75,0.0,430,1950,0,10.0,20.0,0.0,0.0,0.0,0.0,20,0,1,8,2.3301078999998026,0.0,0.0,0.0,0.0,0.0,0.0,135.0,10.0,0.0,0.0,0.0,0.0,0.0,1.9221458229826773,2.3301078999998026
portfolioqaoa_indep_qiskit_10.qasm,10,43,195,9,2,0.6923076923076923,0,0,0,3.193548387096774,9,75,0.0,430,1950,0,10.0,20.0,0.0,0.0,0.0,0.0,20,0,1,16,2.5404011000000537,0.0,0.0,0.0,0.0,0.0,0.0,135.0,10.0,0.0,0.0,0.0,0.0,0.0,2.213090094363807,2.5404011000000537
qaoa_indep_qiskit_16.qasm,16,11,96,15,2,0.3333333333333333,0,0,16,3.5833333333333335,12,16,0.0,176,1536,0,0.0,0.0,0.0,0.0,16.0,0.0,16,1,0,1,0.41627360000006774,0.0,0.0,0.0,0.0,0.0,0.0,32.0,32.0,0.0,0.0,0.0,0.0,0.0,0.35955530088197896,0.41627360000006774
qaoa_indep_qiskit_16.qasm,16,11,96,15,2,0.3333333333333333,0,0,16,3.5833333333333335,12,16,0.0,176,1536,0,0.0,0.0,0.0,0.0,16.0,0.0,16,1,1,1,0.2380504000000201,0.0,0.0,0.0,0.0,0.0,0.0,32.0,32.0,0.0,0.0,0.0,0.0,0.0,0.2913018858040359,0.2380504000000201
qaoa_indep_qiskit_16.qasm,16,11,96,15,2,0.3333333333333333,0,0,16,3.5833333333333335,12,16,0.0,176,1536,0,0.0,0.0,0.0,0.0,16.0,0.0,16,0,0,1,0.6504416999998739,0.0,0.0,0.0,0.0,0.0,0.0,32.0,32.0,0.0,0.0,0.0,0.0,0.0,0.48838610421692974,0.6504416999998739
qaoa_indep_qiskit_16.qasm,16,11,96,15,2,0.3333333333333333,0,0,16,3.5833333333333335,12,16,0.0,176,1536,0,0.0,0.0,0.0,0.0,16.0,0.0,16,0,1,1,0.383549099999982,0.0,0.0,0.0,0.0,0.0,0.0,32.0,32.0,0.0,0.0,0.0,0.0,0.0,0.32999434300670105,0.383549099999982
qftentangled_indep_qiskit_30.qasm,30,63,540,29,2,0.8870370370370371,0,0,75,9.330058939096267,29,241,15.466666666666667,1890,16200,464,0.0,0.0,29.0,0.0,31.0,435.0,30,1,0,1,0.3506969999998546,0.0,0.0,0.0,0.0,0.0,0.0,0.0,0.0,0.0,0.0,15.0,0.0,0.0,1.314127451267775,0.3506969999998546
qftentangled_indep_qiskit_30.qasm,30,63,540,29,2,0.8870370370370371,0,0,75,9.330058939096267,29,241,15.466666666666667,1890,16200,464,0.0,0.0,29.0,0.0,31.0,435.0,30,1,0,2,0.5591046000008646,0.0,0.0,0.0,0.0,0.0,0.0,0.0,0.0,0.0,0.0,15.0,0.0,0.0,1.3806741736609858,0.5591046000008646
qftentangled_indep_qiskit_30.qasm,30,63,540,29,2,0.8870370370370371,0,0,75,9.330058939096267,29,241,15.466666666666667,1890,16200,464,0.0,0.0,29.0,0.0,31.0,435.0,30,1,1,1,0.2501012999982777,0.0,0.0,0.0,0.0,0.0,0.0,0.0,0.0,0.0,0.0,15.0,0.0,0.0,0.6835071072595279,0.2501012999982777
qftentangled_indep_qiskit_30.qasm,30,63,540,29,2,0.8870370370370371,0,0,75,9.330058939096267,29,241,15.466666666666667,1890,16200,464,0.0,0.0,29.0,0.0,31.0,435.0,30,1,1,2,0.49010640000051353,0.0,0.0,0.0,0.0,0.0,0.0,0.0,0.0,0.0,0.0,15.0,0.0,0.0,0.7630211011822802,0.49010640000051353
qftentangled_indep_qiskit_30.qasm,30,63,540,29,2,0.8870370370370371,0,0,75,9.330058939096267,29,241,15.466666666666667,1890,16200,464,0.0,0.0,29.0,0.0,31.0,435.0,30,0,0,1,11.962720600000466,0.0,0.0,0.0,0.0,0.0,0.0,0.0,0.0,0.0,0.0,15.0,0.0,0.0,15.648162713781193,11.962720600000466
qftentangled_indep_qiskit_30.qasm,30,63,540,29,2,0.8870370370370371,0,0,75,9.330058939096267,29,241,15.466666666666667,1890,16200,464,0.0,0.0,29.0,0.0,31.0,435.0,30,0,0,2,13.055875099998957,0.0,0.0,0.0,0.0,0.0,0.0,0.0,0.0,0.0,0.0,15.0,0.0,0.0,17.85809109071846,13.055875099998957
qftentangled_indep_qiskit_30.qasm,30,63,540,29,2,0.8870370370370371,0,0,75,9.330058939096267,29,241,15.466666666666667,1890,16200,464,0.0,0.0,29.0,0.0,31.0,435.0,30,0,1,1,10.60055310000098,0.0,0.0,0.0,0.0,0.0,0.0,0.0,0.0,0.0,0.0,15.0,0.0,0.0,10.55501192866618,10.60055310000098
qftentangled_indep_qiskit_30.qasm,30,63,540,29,2,0.8870370370370371,0,0,75,9.330058939096267,29,241,15.466666666666667,1890,16200,464,0.0,0.0,29.0,0.0,31.0,435.0,30,0,1,2,12.809371299999839,0.0,0.0,0.0,0.0,0.0,0.0,0.0,0.0,0.0,0.0,15.0,0.0,0.0,12.79882818227202,12.809371299999839
shor_15_4_indep_qiskit_18.qasm,18,6214,9893,7,3,0.8248256342868695,0,0,3287,2.235919748610104,12,4500,453.1111111111111,111852,178074,8156,192.0,0.0,2048.0,0.0,1234.0,6108.0,18,1,0,1,1.5811848000012105,0.0,1.0,0.0,0.0,0.0,0.0,0.0,0.0,0.0,0.0,4.0,256.0,32.0,2.0217030146769144,1.5811848000012105
shor_15_4_indep_qiskit_18.qasm,18,6214,9893,7,3,0.8248256342868695,0,0,3287,2.235919748610104,12,4500,453.1111111111111,111852,178074,8156,192.0,0.0,2048.0,0.0,1234.0,6108.0,18,1,0,2,1.764285800003563,0.0,1.0,0.0,0.0,0.0,0.0,0.0,0.0,0.0,0.0,4.0,256.0,32.0,2.860152095781779,1.764285800003563
shor_15_4_indep_qiskit_18.qasm,18,6214,9893,7,3,0.8248256342868695,0,0,3287,2.235919748610104,12,4500,453.1111111111111,111852,178074,8156,192.0,0.0,2048.0,0.0,1234.0,6108.0,18,1,0,4,1.6460073000052944,0.0,1.0,0.0,0.0,0.0,0.0,0.0,0.0,0.0,0.0,4.0,256.0,32.0,3.895865015270461,1.6460073000052944
shor_15_4_indep_qiskit_18.qasm,18,6214,9893,7,3,0.8248256342868695,0,0,3287,2.235919748610104,12,4500,453.1111111111111,111852,178074,8156,192.0,0.0,2048.0,0.0,1234.0,6108.0,18,1,0,32,2.2803454999957466,0.0,1.0,0.0,0.0,0.0,0.0,0.0,0.0,0.0,0.0,4.0,256.0,32.0,157.5729225959823,2.2803454999957466
shor_15_4_indep_qiskit_18.qasm,18,6214,9893,7,3,0.8248256342868695,0,0,3287,2.235919748610104,12,4500,453.1111111111111,111852,178074,8156,192.0,0.0,2048.0,0.0,1234.0,6108.0,18,1,0,64,2.3121627000073204,0.0,1.0,0.0,0.0,0.0,0.0,0.0,0.0,0.0,0.0,4.0,256.0,32.0,97.77633191931497,2.3121627000073204
shor_15_4_indep_qiskit_18.qasm,18,6214,9893,7,3,0.8248256342868695,0,0,3287,2.235919748610104,12,4500,453.1111111111111,111852,178074,8156,192.0,0.0,2048.0,0.0,1234.0,6108.0,18,1,0,128,2.1305719999945723,0.0,1.0,0.0,0.0,0.0,0.0,0.0,0.0,0.0,0.0,4.0,256.0,32.0,74.10618946256537,2.1305719999945723
shor_15_4_indep_qiskit_18.qasm,18,6214,9893,7,3,0.8248256342868695,0,0,3287,2.235919748610104,12,4500,453.1111111111111,111852,178074,8156,192.0,0.0,2048.0,0.0,1234.0,6108.0,18,1,0,256,2.202185299989651,0.0,1.0,0.0,0.0,0.0,0.0,0.0,0.0,0.0,0.0,4.0,256.0,32.0,74.10618946256537,2.202185299989651
shor_15_4_indep_qiskit_18.qasm,18,6214,9893,7,3,0.8248256342868695,0,0,3287,2.235919748610104,12,4500,453.1111111111111,111852,178074,8156,192.0,0.0,2048.0,0.0,1234.0,6108.0,18,1,0,512,2.2127416000002995,0.0,1.0,0.0,0.0,0.0,0.0,0.0,0.0,0.0,0.0,4.0,256.0,32.0,110.18686636586683,2.2127416000002995
shor_15_4_indep_qiskit_18.qasm,18,6214,9893,7,3,0.8248256342868695,0,0,3287,2.235919748610104,12,4500,453.1111111111111,111852,178074,8156,192.0,0.0,2048.0,0.0,1234.0,6108.0,18,1,1,1,0.7884227999966242,0.0,1.0,0.0,0.0,0.0,0.0,0.0,0.0,0.0,0.0,4.0,256.0,32.0,1.6021030147706432,0.7884227999966242
shor_15_4_indep_qiskit_18.qasm,18,6214,9893,7,3,0.8248256342868695,0,0,3287,2.235919748610104,12,4500,453.1111111111111,111852,178074,8156,192.0,0.0,2048.0,0.0,1234.0,6108.0,18,1,1,2,1.0795748000018648,0.0,1.0,0.0,0.0,0.0,0.0,0.0,0.0,0.0,0.0,4.0,256.0,32.0,2.408252431051747,1.0795748000018648
shor_15_4_indep_qiskit_18.qasm,18,6214,9893,7,3,0.8248256342868695,0,0,3287,2.235919748610104,12,4500,453.1111111111111,111852,178074,8156,192.0,0.0,2048.0,0.0,1234.0,6108.0,18,1,1,4,1.4824690999957966,0.0,1.0,0.0,0.0,0.0,0.0,0.0,0.0,0.0,0.0,4.0,256.0,32.0,3.1030388209443722,1.4824690999957966
shor_15_4_indep_qiskit_18.qasm,18,6214,9893,7,3,0.8248256342868695,0,0,3287,2.235919748610104,12,4500,453.1111111111111,111852,178074,8156,192.0,0.0,2048.0,0.0,1234.0,6108.0,18,1,1,8,3.9632485000038287,0.0,1.0,0.0,0.0,0.0,0.0,0.0,0.0,0.0,0.0,4.0,256.0,32.0,6.381725392415455,3.9632485000038287
shor_15_4_indep_qiskit_18.qasm,18,6214,9893,7,3,0.8248256342868695,0,0,3287,2.235919748610104,12,4500,453.1111111111111,111852,178074,8156,192.0,0.0,2048.0,0.0,1234.0,6108.0,18,1,1,16,14.04563309999503,0.0,1.0,0.0,0.0,0.0,0.0,0.0,0.0,0.0,0.0,4.0,256.0,32.0,37.129696291181475,14.04563309999503
shor_15_4_indep_qiskit_18.qasm,18,6214,9893,7,3,0.8248256342868695,0,0,3287,2.235919748610104,12,4500,453.1111111111111,111852,178074,8156,192.0,0.0,2048.0,0.0,1234.0,6108.0,18,1,1,32,60.39943500000663,0.0,1.0,0.0,0.0,0.0,0.0,0.0,0.0,0.0,0.0,4.0,256.0,32.0,256.22331561791106,60.39943500000663
shor_15_4_indep_qiskit_18.qasm,18,6214,9893,7,3,0.8248256342868695,0,0,3287,2.235919748610104,12,4500,453.1111111111111,111852,178074,8156,192.0,0.0,2048.0,0.0,1234.0,6108.0,18,1,1,64,339.7784824000046,0.0,1.0,0.0,0.0,0.0,0.0,0.0,0.0,0.0,0.0,4.0,256.0,32.0,177.89190245781475,339.7784824000046
shor_15_4_indep_qiskit_18.qasm,18,6214,9893,7,3,0.8248256342868695,0,0,3287,2.235919748610104,12,4500,453.1111111111111,111852,178074,8156,192.0,0.0,2048.0,0.0,1234.0,6108.0,18,1,1,128,27.910083800001303,0.0,1.0,0.0,0.0,0.0,0.0,0.0,0.0,0.0,0.0,4.0,256.0,32.0,131.4755852904746,27.910083800001303
shor_15_4_indep_qiskit_18.qasm,18,6214,9893,7,3,0.8248256342868695,0,0,3287,2.235919748610104,12,4500,453.1111111111111,111852,178074,8156,192.0,0.0,2048.0,0.0,1234.0,6108.0,18,1,1,256,38.092559299999266,0.0,1.0,0.0,0.0,0.0,0.0,0.0,0.0,0.0,0.0,4.0,256.0,32.0,131.4755852904746,38.092559299999266
shor_15_4_indep_qiskit_18.qasm,18,6214,9893,7,3,0.8248256342868695,0,0,3287,2.235919748610104,12,4500,453.1111111111111,111852,178074,8156,192.0,0.0,2048.0,0.0,1234.0,6108.0,18,1,1,512,49.316189499993925,0.0,1.0,0.0,0.0,0.0,0.0,0.0,0.0,0.0,0.0,4.0,256.0,32.0,80.36533737358683,49.316189499993925
shor_15_4_indep_qiskit_18.qasm,18,6214,9893,7,3,0.8248256342868695,0,0,3287,2.235919748610104,12,4500,453.1111111111111,111852,178074,8156,192.0,0.0,2048.0,0.0,1234.0,6108.0,18,0,0,1,58.226875699998345,0.0,1.0,0.0,0.0,0.0,0.0,0.0,0.0,0.0,0.0,4.0,256.0,32.0,112.3184266709074,58.226875699998345
shor_15_4_indep_qiskit_18.qasm,18,6214,9893,7,3,0.8248256342868695,0,0,3287,2.235919748610104,12,4500,453.1111111111111,111852,178074,8156,192.0,0.0,2048.0,0.0,1234.0,6108.0,18,0,0,2,72.01595860000089,0.0,1.0,0.0,0.0,0.0,0.0,0.0,0.0,0.0,0.0,4.0,256.0,32.0,148.45960072452908,72.01595860000089
shor_15_4_indep_qiskit_18.qasm,18,6214,9893,7,3,0.8248256342868695,0,0,3287,2.235919748610104,12,4500,453.1111111111111,111852,178074,8156,192.0,0.0,2048.0,0.0,1234.0,6108.0,18,0,0,4,105.72358689999965,0.0,1.0,0.0,0.0,0.0,0.0,0.0,0.0,0.0,0.0,4.0,256.0,32.0,181.4523839622801,105.72358689999965
shor_15_4_indep_qiskit_18.qasm,18,6214,9893,7,3,0.8248256342868695,0,0,3287,2.235919748610104,12,4500,453.1111111111111,111852,178074,8156,192.0,0.0,2048.0,0.0,1234.0,6108.0,18,0,1,1,52.62416060000396,0.0,1.0,0.0,0.0,0.0,0.0,0.0,0.0,0.0,0.0,4.0,256.0,32.0,91.56874736693348,52.62416060000396
shor_15_4_indep_qiskit_18.qasm,18,6214,9893,7,3,0.8248256342868695,0,0,3287,2.235919748610104,12,4500,453.1111111111111,111852,178074,8156,192.0,0.0,2048.0,0.0,1234.0,6108.0,18,0,1,2,62.97335779999412,0.0,1.0,0.0,0.0,0.0,0.0,0.0,0.0,0.0,0.0,4.0,256.0,32.0,128.60100129054334,62.97335779999412
shor_15_4_indep_qiskit_18.qasm,18,6214,9893,7,3,0.8248256342868695,0,0,3287,2.235919748610104,12,4500,453.1111111111111,111852,178074,8156,192.0,0.0,2048.0,0.0,1234.0,6108.0,18,0,1,4,75.43384099999821,0.0,1.0,0.0,0.0,0.0,0.0,0.0,0.0,0.0,0.0,4.0,256.0,32.0,148.68568887183181,75.43384099999821
twolocalrandom_indep_qiskit_30.qasm,30,122,1455,29,2,0.8969072164948454,0,0,1305,10.101123595505618,29,675,43.5,3660,43650,1305,0.0,0.0,1305.0,0.0,0.0,0.0,30,1,0,1,0.5565279000002192,0.0,0.0,0.0,0.0,0.0,0.0,0.0,0.0,120.0,0.0,0.0,0.0,0.0,0.7685973824461042,0.5565279000002192
twolocalrandom_indep_qiskit_30.qasm,30,122,1455,29,2,0.8969072164948454,0,0,1305,10.101123595505618,29,675,43.5,3660,43650,1305,0.0,0.0,1305.0,0.0,0.0,0.0,30,1,0,2,0.7384529999999359,0.0,0.0,0.0,0.0,0.0,0.0,0.0,0.0,120.0,0.0,0.0,0.0,0.0,1.1179245869732464,0.7384529999999359
twolocalrandom_indep_qiskit_30.qasm,30,122,1455,29,2,0.8969072164948454,0,0,1305,10.101123595505618,29,675,43.5,3660,43650,1305,0.0,0.0,1305.0,0.0,0.0,0.0,30,1,0,4,1.0998586999994586,0.0,0.0,0.0,0.0,0.0,0.0,0.0,0.0,120.0,0.0,0.0,0.0,0.0,1.387664383683272,1.0998586999994586
twolocalrandom_indep_qiskit_30.qasm,30,122,1455,29,2,0.8969072164948454,0,0,1305,10.101123595505618,29,675,43.5,3660,43650,1305,0.0,0.0,1305.0,0.0,0.0,0.0,30,1,0,8,4.200350199998866,0.0,0.0,0.0,0.0,0.0,0.0,0.0,0.0,120.0,0.0,0.0,0.0,0.0,2.4407692141903596,4.200350199998866
twolocalrandom_indep_qiskit_30.qasm,30,122,1455,29,2,0.8969072164948454,0,0,1305,10.101123595505618,29,675,43.5,3660,43650,1305,0.0,0.0,1305.0,0.0,0.0,0.0,30,1,0,16,21.517381800000294,0.0,0.0,0.0,0.0,0.0,0.0,0.0,0.0,120.0,0.0,0.0,0.0,0.0,7.771951946131353,21.517381800000294
twolocalrandom_indep_qiskit_30.qasm,30,122,1455,29,2,0.8969072164948454,0,0,1305,10.101123595505618,29,675,43.5,3660,43650,1305,0.0,0.0,1305.0,0.0,0.0,0.0,30,1,0,32,144.05152629999975,0.0,0.0,0.0,0.0,0.0,0.0,0.0,0.0,120.0,0.0,0.0,0.0,0.0,15.723319716682166,144.05152629999975
twolocalrandom_indep_qiskit_30.qasm,30,122,1455,29,2,0.8969072164948454,0,0,1305,10.101123595505618,29,675,43.5,3660,43650,1305,0.0,0.0,1305.0,0.0,0.0,0.0,30,1,0,64,700.7634851000003,0.0,0.0,0.0,0.0,0.0,0.0,0.0,0.0,120.0,0.0,0.0,0.0,0.0,9.8103814121381,700.7634851000003
twolocalrandom_indep_qiskit_30.qasm,30,122,1455,29,2,0.8969072164948454,0,0,1305,10.101123595505618,29,675,43.5,3660,43650,1305,0.0,0.0,1305.0,0.0,0.0,0.0,30,1,1,1,0.316557100000864,0.0,0.0,0.0,0.0,0.0,0.0,0.0,0.0,120.0,0.0,0.0,0.0,0.0,0.5167694231695644,0.316557100000864
twolocalrandom_indep_qiskit_30.qasm,30,122,1455,29,2,0.8969072164948454,0,0,1305,10.101123595505618,29,675,43.5,3660,43650,1305,0.0,0.0,1305.0,0.0,0.0,0.0,30,1,1,2,0.7128392000013264,0.0,0.0,0.0,0.0,0.0,0.0,0.0,0.0,120.0,0.0,0.0,0.0,0.0,0.7499781867594725,0.7128392000013264
twolocalrandom_indep_qiskit_30.qasm,30,122,1455,29,2,0.8969072164948454,0,0,1305,10.101123595505618,29,675,43.5,3660,43650,1305,0.0,0.0,1305.0,0.0,0.0,0.0,30,1,1,4,0.9222829999998794,0.0,0.0,0.0,0.0,0.0,0.0,0.0,0.0,120.0,0.0,0.0,0.0,0.0,0.8806249684419576,0.9222829999998794
twolocalrandom_indep_qiskit_30.qasm,30,122,1455,29,2,0.8969072164948454,0,0,1305,10.101123595505618,29,675,43.5,3660,43650,1305,0.0,0.0,1305.0,0.0,0.0,0.0,30,1,1,8,2.973752500000046,0.0,0.0,0.0,0.0,0.0,0.0,0.0,0.0,120.0,0.0,0.0,0.0,0.0,1.4917231421120045,2.973752500000046
twolocalrandom_indep_qiskit_30.qasm,30,122,1455,29,2,0.8969072164948454,0,0,1305,10.101123595505618,29,675,43.5,3660,43650,1305,0.0,0.0,1305.0,0.0,0.0,0.0,30,1,1,16,16.450161300001128,0.0,0.0,0.0,0.0,0.0,0.0,0.0,0.0,120.0,0.0,0.0,0.0,0.0,4.82748372511148,16.450161300001128
twolocalrandom_indep_qiskit_30.qasm,30,122,1455,29,2,0.8969072164948454,0,0,1305,10.101123595505618,29,675,43.5,3660,43650,1305,0.0,0.0,1305.0,0.0,0.0,0.0,30,1,1,32,131.14689720000024,0.0,0.0,0.0,0.0,0.0,0.0,0.0,0.0,120.0,0.0,0.0,0.0,0.0,23.550762989058082,131.14689720000024
twolocalrandom_indep_qiskit_30.qasm,30,122,1455,29,2,0.8969072164948454,0,0,1305,10.101123595505618,29,675,43.5,3660,43650,1305,0.0,0.0,1305.0,0.0,0.0,0.0,30,1,1,64,830.6048191999998,0.0,0.0,0.0,0.0,0.0,0.0,0.0,0.0,120.0,0.0,0.0,0.0,0.0,16.209895816776243,830.6048191999998
twolocalrandom_indep_qiskit_30.qasm,30,122,1455,29,2,0.8969072164948454,0,0,1305,10.101123595505618,29,675,43.5,3660,43650,1305,0.0,0.0,1305.0,0.0,0.0,0.0,30,0,0,1,27.617946300000767,0.0,0.0,0.0,0.0,0.0,0.0,0.0,0.0,120.0,0.0,0.0,0.0,0.0,14.62217211236765,27.617946300000767
twolocalrandom_indep_qiskit_30.qasm,30,122,1455,29,2,0.8969072164948454,0,0,1305,10.101123595505618,29,675,43.5,3660,43650,1305,0.0,0.0,1305.0,0.0,0.0,0.0,30,0,0,2,33.26398080000217,0.0,0.0,0.0,0.0,0.0,0.0,0.0,0.0,120.0,0.0,0.0,0.0,0.0,23.558057336164588,33.26398080000217
twolocalrandom_indep_qiskit_30.qasm,30,122,1455,29,2,0.8969072164948454,0,0,1305,10.101123595505618,29,675,43.5,3660,43650,1305,0.0,0.0,1305.0,0.0,0.0,0.0,30,0,0,4,62.893193100000644,0.0,0.0,0.0,0.0,0.0,0.0,0.0,0.0,120.0,0.0,0.0,0.0,0.0,31.351789634161364,62.893193100000644
twolocalrandom_indep_qiskit_30.qasm,30,122,1455,29,2,0.8969072164948454,0,0,1305,10.101123595505618,29,675,43.5,3660,43650,1305,0.0,0.0,1305.0,0.0,0.0,0.0,30,0,0,8,83.6746604,0.0,0.0,0.0,0.0,0.0,0.0,0.0,0.0,120.0,0.0,0.0,0.0,0.0,43.05015825399026,83.6746604
twolocalrandom_indep_qiskit_30.qasm,30,122,1455,29,2,0.8969072164948454,0,0,1305,10.101123595505618,29,675,43.5,3660,43650,1305,0.0,0.0,1305.0,0.0,0.0,0.0,30,0,0,16,131.08760709999842,0.0,0.0,0.0,0.0,0.0,0.0,0.0,0.0,120.0,0.0,0.0,0.0,0.0,58.464052754950714,131.08760709999842
twolocalrandom_indep_qiskit_30.qasm,30,122,1455,29,2,0.8969072164948454,0,0,1305,10.101123595505618,29,675,43.5,3660,43650,1305,0.0,0.0,1305.0,0.0,0.0,0.0,30,0,0,32,269.13307519999944,0.0,0.0,0.0,0.0,0.0,0.0,0.0,0.0,120.0,0.0,0.0,0.0,0.0,69.63988134725247,269.13307519999944
twolocalrandom_indep_qiskit_30.qasm,30,122,1455,29,2,0.8969072164948454,0,0,1305,10.101123595505618,29,675,43.5,3660,43650,1305,0.0,0.0,1305.0,0.0,0.0,0.0,30,0,0,64,499.48855780000304,0.0,0.0,0.0,0.0,0.0,0.0,0.0,0.0,120.0,0.0,0.0,0.0,0.0,68.96058853891287,499.48855780000304
twolocalrandom_indep_qiskit_30.qasm,30,122,1455,29,2,0.8969072164948454,0,0,1305,10.101123595505618,29,675,43.5,3660,43650,1305,0.0,0.0,1305.0,0.0,0.0,0.0,30,0,0,256,853.1498877000013,0.0,0.0,0.0,0.0,0.0,0.0,0.0,0.0,120.0,0.0,0.0,0.0,0.0,64.79427946775364,853.1498877000013
twolocalrandom_indep_qiskit_30.qasm,30,122,1455,29,2,0.8969072164948454,0,0,1305,10.101123595505618,29,675,43.5,3660,43650,1305,0.0,0.0,1305.0,0.0,0.0,0.0,30,0,1,1,23.071371199999703,0.0,0.0,0.0,0.0,0.0,0.0,0.0,0.0,120.0,0.0,0.0,0.0,0.0,10.447249841350372,23.071371199999703
twolocalrandom_indep_qiskit_30.qasm,30,122,1455,29,2,0.8969072164948454,0,0,1305,10.101123595505618,29,675,43.5,3660,43650,1305,0.0,0.0,1305.0,0.0,0.0,0.0,30,0,1,2,30.43246680000084,0.0,0.0,0.0,0.0,0.0,0.0,0.0,0.0,120.0,0.0,0.0,0.0,0.0,16.794527122621997,30.43246680000084
twolocalrandom_indep_qiskit_30.qasm,30,122,1455,29,2,0.8969072164948454,0,0,1305,10.101123595505618,29,675,43.5,3660,43650,1305,0.0,0.0,1305.0,0.0,0.0,0.0,30,0,1,4,40.959715299999516,0.0,0.0,0.0,0.0,0.0,0.0,0.0,0.0,120.0,0.0,0.0,0.0,0.0,21.14273035903498,40.959715299999516
twolocalrandom_indep_qiskit_30.qasm,30,122,1455,29,2,0.8969072164948454,0,0,1305,10.101123595505618,29,675,43.5,3660,43650,1305,0.0,0.0,1305.0,0.0,0.0,0.0,30,0,1,8,57.41686750000008,0.0,0.0,0.0,0.0,0.0,0.0,0.0,0.0,120.0,0.0,0.0,0.0,0.0,27.959438423155152,57.41686750000008
twolocalrandom_indep_qiskit_30.qasm,30,122,1455,29,2,0.8969072164948454,0,0,1305,10.101123595505618,29,675,43.5,3660,43650,1305,0.0,0.0,1305.0,0.0,0.0,0.0,30,0,1,16,82.65802319999784,0.0,0.0,0.0,0.0,0.0,0.0,0.0,0.0,120.0,0.0,0.0,0.0,0.0,38.58973627980679,82.65802319999784
twolocalrandom_indep_qiskit_30.qasm,30,122,1455,29,2,0.8969072164948454,0,0,1305,10.101123595505618,29,675,43.5,3660,43650,1305,0.0,0.0,1305.0,0.0,0.0,0.0,30,0,1,32,181.50670349999928,0.0,0.0,0.0,0.0,0.0,0.0,0.0,0.0,120.0,0.0,0.0,0.0,0.0,38.63892899695213,181.50670349999928
twolocalrandom_indep_qiskit_30.qasm,30,122,1455,29,2,0.8969072164948454,0,0,1305,10.101123595505618,29,675,43.5,3660,43650,1305,0.0,0.0,1305.0,0.0,0.0,0.0,30,0,1,64,243.68310030000066,0.0,0.0,0.0,0.0,0.0,0.0,0.0,0.0,120.0,0.0,0.0,0.0,0.0,42.208664550764425,243.68310030000066
twolocalrandom_indep_qiskit_30.qasm,30,122,1455,29,2,0.8969072164948454,0,0,1305,10.101123595505618,29,675,43.5,3660,43650,1305,0.0,0.0,1305.0,0.0,0.0,0.0,30,0,1,128,331.27653009999995,0.0,0.0,0.0,0.0,0.0,0.0,0.0,0.0,120.0,0.0,0.0,0.0,0.0,38.6727903241661,331.27653009999995
twolocalrandom_indep_qiskit_30.qasm,30,122,1455,29,2,0.8969072164948454,0,0,1305,10.101123595505618,29,675,43.5,3660,43650,1305,0.0,0.0,1305.0,0.0,0.0,0.0,30,0,1,256,219.7310942999975,0.0,0.0,0.0,0.0,0.0,0.0,0.0,0.0,120.0,0.0,0.0,0.0,0.0,38.6727903241661,219.7310942999975
wstate_indep_qiskit_30.qasm,30,61,147,29,2,0.3945578231292517,0,0,88,0.6590909090909091,1,2,1.9333333333333333,1830,4410,58,0.0,0.0,29.0,0.0,0.0,0.0,30,1,0,1,0.22529329999997572,29.0,1.0,0.0,0.0,0.0,0.0,0.0,0.0,58.0,0.0,0.0,0.0,0.0,0.2760439454387109,0.22529329999997572
wstate_indep_qiskit_30.qasm,30,61,147,29,2,0.3945578231292517,0,0,88,0.6590909090909091,1,2,1.9333333333333333,1830,4410,58,0.0,0.0,29.0,0.0,0.0,0.0,30,1,0,2,0.3618981999998141,29.0,1.0,0.0,0.0,0.0,0.0,0.0,0.0,58.0,0.0,0.0,0.0,0.0,0.3301598877314657,0.3618981999998141
wstate_indep_qiskit_30.qasm,30,61,147,29,2,0.3945578231292517,0,0,88,0.6590909090909091,1,2,1.9333333333333333,1830,4410,58,0.0,0.0,29.0,0.0,0.0,0.0,30,1,1,1,0.23887119999972128,29.0,1.0,0.0,0.0,0.0,0.0,0.0,0.0,58.0,0.0,0.0,0.0,0.0,0.23997240662187636,0.23887119999972128
wstate_indep_qiskit_30.qasm,30,61,147,29,2,0.3945578231292517,0,0,88,0.6590909090909091,1,2,1.9333333333333333,1830,4410,58,0.0,0.0,29.0,0.0,0.0,0.0,30,1,1,2,0.3255861000002369,29.0,1.0,0.0,0.0,0.0,0.0,0.0,0.0,58.0,0.0,0.0,0.0,0.0,0.2863819259632844,0.3255861000002369
wstate_indep_qiskit_30.qasm,30,61,147,29,2,0.3945578231292517,0,0,88,0.6590909090909091,1,2,1.9333333333333333,1830,4410,58,0.0,0.0,29.0,0.0,0.0,0.0,30,0,0,1,0.32728110000016386,29.0,1.0,0.0,0.0,0.0,0.0,0.0,0.0,58.0,0.0,0.0,0.0,0.0,0.46942460846870254,0.32728110000016386
wstate_indep_qiskit_30.qasm,30,61,147,29,2,0.3945578231292517,0,0,88,0.6590909090909091,1,2,1.9333333333333333,1830,4410,58,0.0,0.0,29.0,0.0,0.0,0.0,30,0,0,2,0.45927409999967495,29.0,1.0,0.0,0.0,0.0,0.0,0.0,0.0,58.0,0.0,0.0,0.0,0.0,0.6273816987687425,0.45927409999967495
wstate_indep_qiskit_30.qasm,30,61,147,29,2,0.3945578231292517,0,0,88,0.6590909090909091,1,2,1.9333333333333333,1830,4410,58,0.0,0.0,29.0,0.0,0.0,0.0,30,0,1,1,0.2855701000003137,29.0,1.0,0.0,0.0,0.0,0.0,0.0,0.0,58.0,0.0,0.0,0.0,0.0,0.42082253782329926,0.2855701000003137
wstate_indep_qiskit_30.qasm,30,61,147,29,2,0.3945578231292517,0,0,88,0.6590909090909091,1,2,1.9333333333333333,1830,4410,58,0.0,0.0,29.0,0.0,0.0,0.0,30,0,1,2,0.35999320000019,29.0,1.0,0.0,0.0,0.0,0.0,0.0,0.0,58.0,0.0,0.0,0.0,0.0,0.5611813126512406,0.35999320000019
